rect,N,exactArea,estArea,relError,absError
Wider,100,0.944517,0.8575,0.0921287,0.0870172
Wider,600,0.944517,0.67375,0.286673,0.270767
Wider,1100,0.944517,1.11364,0.179054,0.169119
Wider,1600,0.944517,0.987656,0.0456731,0.0431391
Wider,2100,0.944517,0.968333,0.0252152,0.0238161
Wider,2600,0.944517,0.956442,0.0126256,0.0119251
Wider,3100,0.944517,0.940484,0.00427024,0.00403331
Wider,3600,0.944517,0.932361,0.0128701,0.0121561
Wider,4100,0.944517,0.935183,0.00988257,0.00933426
Wider,4600,0.944517,0.987989,0.0460256,0.0434719
Wider,5100,0.944517,0.924755,0.0209232,0.0197623
Wider,5600,0.944517,0.98875,0.0468311,0.0442328
Wider,6100,0.944517,0.98,0.0375671,0.0354828
Wider,6600,0.944517,0.968864,0.0257766,0.0243465
Wider,7100,0.944517,1.01106,0.0704478,0.0665392
Wider,7600,0.944517,0.975164,0.0324476,0.0306473
Wider,8100,0.944517,1.00873,0.0679896,0.0642174
Wider,8600,0.944517,0.928721,0.0167242,0.0157963
Wider,9100,0.944517,0.9275,0.0180168,0.0170172
Wider,9600,0.944517,0.950651,0.00649417,0.00613386
Wider,10100,0.944517,0.914505,0.0317752,0.0300122
Wider,10600,0.944517,0.934929,0.0101512,0.00958794
Wider,11100,0.944517,0.947995,0.00368263,0.00347831
Wider,11600,0.944517,0.945151,0.0006709,0.000633676
Wider,12100,0.944517,0.944566,5.1804e-05,4.89298e-05
Wider,12600,0.944517,0.945972,0.00154051,0.00145504
Wider,13100,0.944517,0.93792,0.00698488,0.00659734
Wider,13600,0.944517,1.00432,0.0633156,0.0598027
Wider,14100,0.944517,0.976525,0.0338878,0.0320076
Wider,14600,0.944517,0.951473,0.00736399,0.00695542
Wider,15100,0.944517,0.941871,0.00280178,0.00264632
Wider,15600,0.944517,0.95016,0.00597456,0.00564307
Wider,16100,0.944517,0.952609,0.00856682,0.00809151
Wider,16600,0.944517,0.936461,0.00852959,0.00805634
Wider,17100,0.944517,0.977851,0.0352918,0.0333337
Wider,17600,0.944517,0.929886,0.0154903,0.0146308
Wider,18100,0.944517,0.97797,0.0354175,0.0334524
Wider,18600,0.944517,0.959583,0.0159512,0.0150661
Wider,19100,0.944517,0.933181,0.0120025,0.0113366
Wider,19600,0.944517,0.940625,0.00412082,0.00389219
Wider,20100,0.944517,0.903818,0.0430895,0.0406988
Wider,20600,0.944517,0.969296,0.0262345,0.0247789
Wider,21100,0.944517,0.96955,0.026503,0.0250326
Wider,21600,0.944517,0.924988,0.0206759,0.0195288
Wider,22100,0.944517,0.981663,0.0393277,0.0371457
Wider,22600,0.944517,0.950188,0.00600399,0.00567087
Wider,23100,0.944517,0.959848,0.0162319,0.0153313
Wider,23600,0.944517,0.976367,0.0337202,0.0318493
Wider,24100,0.944517,0.911888,0.0345459,0.0326292
Wider,24600,0.944517,0.957093,0.0133151,0.0125763
Wider,25100,0.944517,0.904353,0.0425239,0.0401646
Wider,25600,0.944517,0.936455,0.00853569,0.00806211
Wider,26100,0.944517,0.986102,0.0440271,0.0415843
Wider,26600,0.944517,0.944539,2.3597e-05,2.22878e-05
Wider,27100,0.944517,0.965083,0.0217739,0.0205658
Wider,27600,0.944517,0.923632,0.0221118,0.0208849
Wider,28100,0.944517,0.957331,0.0135665,0.0128138
Wider,28600,0.944517,0.956014,0.0121721,0.0114968
Wider,29100,0.944517,0.953058,0.00904296,0.00854123
Wider,29600,0.944517,0.933649,0.011507,0.0108685
Wider,30100,0.944517,0.94907,0.00482001,0.00455258
Wider,30600,0.944517,0.94277,0.00185023,0.00174758
Wider,31100,0.944517,0.973698,0.0308947,0.0291806
Wider,31600,0.944517,0.97496,0.0322316,0.0304433
Wider,32100,0.944517,0.943746,0.000816375,0.00077108
Wider,32600,0.944517,0.925514,0.0201197,0.0190034
Wider,33100,0.944517,0.921156,0.0247339,0.0233616
Wider,33600,0.944517,0.9625,0.0190392,0.0179828
Wider,34100,0.944517,0.930066,0.0153001,0.0144512
Wider,34600,0.944517,0.941055,0.00366565,0.00346227
Wider,35100,0.944517,0.917877,0.0282046,0.0266397
Wider,35600,0.944517,0.984473,0.0423032,0.0399561
Wider,36100,0.944517,0.946406,0.00199957,0.00188863
Wider,36600,0.944517,0.954563,0.0106358,0.0100457
Wider,37100,0.944517,0.96217,0.0186896,0.0176526
Wider,37600,0.944517,0.94742,0.00307356,0.00290303
Wider,38100,0.944517,0.977428,0.0348439,0.0329106
Wider,38600,0.944517,0.929223,0.0161928,0.0152944
Wider,39100,0.944517,0.957129,0.0133528,0.012612
Wider,39600,0.944517,0.937311,0.00762991,0.00720658
Wider,40100,0.944517,0.910349,0.0361752,0.0341681
Wider,40600,0.944517,0.91875,0.0272808,0.0257672
Wider,41100,0.944517,0.919793,0.0261763,0.024724
Wider,41600,0.944517,0.950553,0.00639025,0.0060357
Wider,42100,0.944517,0.929952,0.0154203,0.0145647
Wider,42600,0.944517,0.912424,0.0339787,0.0320935
Wider,43100,0.944517,0.965789,0.0225212,0.0212717
Wider,43600,0.944517,0.952747,0.00871278,0.00822937
Wider,44100,0.944517,0.950833,0.00668717,0.00631615
Wider,44600,0.944517,0.941822,0.00285377,0.00269544
Wider,45100,0.944517,0.934096,0.0110329,0.0104207
Wider,45600,0.944517,0.935137,0.00993113,0.00938012
Wider,46100,0.944517,0.960336,0.0167483,0.015819
Wider,46600,0.944517,0.951084,0.00695223,0.00656651
Wider,47100,0.944517,0.961794,0.0182917,0.0172769
Wider,47600,0.944517,0.950404,0.00623305,0.00588723
Wider,48100,0.944517,0.919641,0.0263371,0.0248758
Wider,48600,0.944517,0.934378,0.0107352,0.0101396
Wider,49100,0.944517,0.948065,0.0037564,0.00354799
Wider,49600,0.944517,0.941719,0.00296282,0.00279844
Wider,50100,0.944517,0.953593,0.00960875,0.00907563
Wider,50600,0.944517,0.935939,0.00908237,0.00857845
Wider,51100,0.944517,0.973288,0.0304605,0.0287705
Wider,51600,0.944517,0.949138,0.00489182,0.00462041
Wider,52100,0.944517,0.949434,0.00520541,0.0049166
Wider,52600,0.944517,0.939943,0.00484292,0.00457422
Wider,53100,0.944517,0.923941,0.0217852,0.0205765
Wider,53600,0.944517,0.940005,0.0047776,0.00451252
Wider,54100,0.944517,0.935846,0.00918091,0.00867153
Wider,54600,0.944517,0.966987,0.0237899,0.02247
Wider,55100,0.944517,0.942427,0.00221254,0.00208978
Wider,55600,0.944517,0.958408,0.0147071,0.0138911
Wider,56100,0.944517,0.956417,0.012599,0.0118999
Wider,56600,0.944517,0.954894,0.0109864,0.0103768
Wider,57100,0.944517,0.936449,0.0085419,0.00806797
Wider,57600,0.944517,0.945972,0.00154051,0.00145504
Wider,58100,0.944517,0.92012,0.0258298,0.0243967
Wider,58600,0.944517,0.928575,0.0168786,0.0159421
Wider,59100,0.944517,0.930047,0.0153207,0.0144707
Wider,59600,0.944517,0.956158,0.0123243,0.0116405
Wider,60100,0.944517,0.96879,0.0256981,0.0242723
Wider,60600,0.944517,0.952913,0.00888852,0.00839536
Wider,61100,0.944517,0.97178,0.0288641,0.0272627
Wider,61600,0.944517,0.923523,0.0222277,0.0209945
Wider,62100,0.944517,0.927134,0.0184047,0.0173835
Wider,62600,0.944517,0.946146,0.00172467,0.00162898
Wider,63100,0.944517,0.95185,0.00776381,0.00733305
Wider,63600,0.944517,0.943404,0.00117848,0.0011131
Wider,64100,0.944517,0.937192,0.0077556,0.0073253
Wider,64600,0.944517,0.923301,0.0224624,0.0212161
Wider,65100,0.944517,0.950269,0.00608949,0.00575163
Wider,65600,0.944517,0.963941,0.0205643,0.0194234
Wider,66100,0.944517,0.943862,0.000694125,0.000655613
Wider,66600,0.944517,0.932177,0.0130649,0.01234
Wider,67100,0.944517,0.948051,0.00374184,0.00353423
Wider,67600,0.944517,0.935422,0.00962988,0.00909559
Wider,68100,0.944517,0.931072,0.014235,0.0134452
Wider,68600,0.944517,0.9625,0.0190392,0.0179828
Wider,69100,0.944517,0.921852,0.0239962,0.0226648
Wider,69600,0.944517,0.927374,0.0181499,0.0171429
Wider,70100,0.944517,0.949593,0.00537444,0.00507625
Wider,70600,0.944517,0.947033,0.00266315,0.00251539
Wider,71100,0.944517,0.944508,1.00054e-05,9.45032e-06
Wider,71600,0.944517,0.963575,0.0201778,0.0190582
Wider,72100,0.944517,0.946189,0.00177036,0.00167213
Wider,72600,0.944517,0.960764,0.0172017,0.0162473
Wider,73100,0.944517,0.942965,0.00164324,0.00155207
Wider,73600,0.944517,0.946213,0.00179504,0.00169545
Wider,74100,0.944517,0.95669,0.0128882,0.0121731
Wider,74600,0.944517,0.935992,0.00902602,0.00852523
Wider,75100,0.944517,0.943299,0.00128981,0.00121825
Wider,75600,0.944517,0.950833,0.00668717,0.00631615
Wider,76100,0.944517,0.950864,0.00671963,0.00634681
Wider,76600,0.944517,0.946896,0.00251878,0.00237903
Wider,77100,0.944517,0.959027,0.0153624,0.0145101
Wider,77600,0.944517,0.949691,0.00547744,0.00517354
Wider,78100,0.944517,0.947218,0.00285979,0.00270112
Wider,78600,0.944517,0.92514,0.0205155,0.0193772
Wider,79100,0.944517,0.942677,0.00194829,0.00184019
Wider,79600,0.944517,0.939372,0.00544757,0.00514533
Wider,80100,0.944517,0.94666,0.00226914,0.00214324
Wider,80600,0.944517,0.938356,0.00652302,0.00616111
Wider,81100,0.944517,0.947223,0.0028643,0.00270538
Wider,81600,0.944517,0.920702,0.0252146,0.0238156
Wider,82100,0.944517,0.947174,0.00281307,0.00265699
Wider,82600,0.944517,0.948559,0.00427958,0.00404214
Wider,83100,0.944517,0.932828,0.0123759,0.0116893
Wider,83600,0.944517,0.937799,0.00711278,0.00671814
Wider,84100,0.944517,0.944313,0.000215844,0.000203868
Wider,84600,0.944517,0.950895,0.00675287,0.0063782
Wider,85100,0.944517,0.952074,0.00800075,0.00755684
Wider,85600,0.944517,0.936495,0.00849308,0.00802186
Wider,86100,0.944517,0.951402,0.00728971,0.00688525
Wider,86600,0.944517,0.951992,0.00791381,0.00747473
Wider,87100,0.944517,0.928806,0.0166341,0.0157112
Wider,87600,0.944517,0.939167,0.00566482,0.00535052
Wider,88100,0.944517,0.941484,0.00321125,0.00303308
Wider,88600,0.944517,0.929534,0.0158629,0.0149828
Wider,89100,0.944517,0.953328,0.00932808,0.00881054
Wider,89600,0.944517,0.917656,0.0284388,0.0268609
Wider,90100,0.944517,0.937852,0.0070563,0.0066648
Wider,90600,0.944517,0.95431,0.0103682,0.00979297
Wider,91100,0.944517,0.963595,0.0201984,0.0190778
Wider,91600,0.944517,0.943223,0.00136994,0.00129393
Wider,92100,0.944517,0.935176,0.00988944,0.00934075
Wider,92600,0.944517,0.94243,0.00221,0.00208738
Wider,93100,0.944517,0.960526,0.0169495,0.0160091
Wider,93600,0.944517,0.95762,0.0138727,0.013103
Wider,94100,0.944517,0.947845,0.0035237,0.00332819
Wider,94600,0.944517,0.949699,0.00548592,0.00518155
Wider,95100,0.944517,0.955526,0.0116552,0.0110086
Wider,95600,0.944517,0.949759,0.00555017,0.00524223
Wider,96100,0.944517,0.946985,0.00261268,0.00246773
Wider,96600,0.944517,0.937391,0.00754447,0.00712588
Wider,97100,0.944517,0.974827,0.0320908,0.0303103
Wider,97600,0.944517,0.94335,0.00123531,0.00116678
Wider,98100,0.944517,0.947408,0.0030609,0.00289107
Wider,98600,0.944517,0.939746,0.00505098,0.00477074
Wider,99100,0.944517,0.940073,0.00470508,0.00444403
Wider,99600,0.944517,0.948145,0.003841,0.00362789
Accurate,100,0.944517,0.95175,0.00765768,0.00723281
Accurate,600,0.944517,0.9315,0.0137818,0.0130172
Accurate,1100,0.944517,0.946227,0.00181054,0.00171009
Accurate,1600,0.944517,0.961875,0.0183774,0.0173578
Accurate,2100,0.944517,0.939214,0.0056144,0.0053029
Accurate,2600,0.944517,0.942404,0.00223748,0.00211334
Accurate,3100,0.944517,0.939992,0.00479107,0.00452525
Accurate,3600,0.944517,0.9315,0.0137818,0.0130172
Accurate,4100,0.944517,0.940884,0.00384645,0.00363304
Accurate,4600,0.944517,0.969359,0.0263007,0.0248415
Accurate,5100,0.944517,0.950559,0.00639654,0.00604164
Accurate,5600,0.944517,0.951027,0.00689199,0.0065096
Accurate,6100,0.944517,0.942455,0.00218341,0.00206227
Accurate,6600,0.944517,0.953898,0.00993157,0.00938054
Accurate,7100,0.944517,0.952891,0.00886554,0.00837366
Accurate,7600,0.944517,0.940559,0.00419047,0.00395798
Accurate,8100,0.944517,0.9595,0.0158629,0.0149828
Accurate,8600,0.944517,0.937858,0.00705083,0.00665963
Accurate,9100,0.944517,0.946854,0.0024745,0.00233721
Accurate,9600,0.944517,0.934031,0.0111019,0.0104859
Accurate,10100,0.944517,0.957364,0.0136013,0.0128467
Accurate,10600,0.944517,0.945828,0.00138763,0.00131064
Accurate,11100,0.944517,0.939527,0.00528329,0.00499016
Accurate,11600,0.944517,0.943894,0.000659373,0.000622789
Accurate,12100,0.944517,0.952085,0.00801206,0.00756752
Accurate,12600,0.944517,0.936643,0.00833688,0.00787433
Accurate,13100,0.944517,0.937219,0.0077264,0.00729772
Accurate,13600,0.944517,0.947432,0.00308602,0.0029148
Accurate,14100,0.944517,0.945431,0.000967336,0.000913665
Accurate,14600,0.944517,0.945509,0.00104961,0.000991376
Accurate,15100,0.944517,0.939949,0.00483687,0.00456851
Accurate,15600,0.944517,0.950971,0.00683309,0.00645397
Accurate,16100,0.944517,0.935902,0.00912107,0.00861501
Accurate,16600,0.944517,0.946748,0.00236238,0.00223131
Accurate,17100,0.944517,0.943697,0.000867975,0.000819817
Accurate,17600,0.944517,0.927703,0.0178018,0.0168141
Accurate,18100,0.944517,0.94996,0.00576248,0.00544276
Accurate,18600,0.944517,0.93629,0.00871013,0.00822686
Accurate,19100,0.944517,0.956415,0.0125966,0.0118977
Accurate,19600,0.944517,0.935736,0.00929704,0.00878122
Accurate,20100,0.944517,0.931601,0.0136752,0.0129164
Accurate,20600,0.944517,0.949686,0.0054721,0.00516849
Accurate,21100,0.944517,0.935435,0.00961587,0.00908235
Accurate,21600,0.944517,0.935906,0.00911676,0.00861094
Accurate,22100,0.944517,0.957523,0.0137694,0.0130054
Accurate,22600,0.944517,0.936607,0.00837453,0.00790989
Accurate,23100,0.944517,0.941669,0.00301567,0.00284835
Accurate,23600,0.944517,0.946001,0.00157104,0.00148387
Accurate,24100,0.944517,0.949145,0.0048999,0.00462804
Accurate,24600,0.944517,0.948046,0.00373582,0.00352855
Accurate,25100,0.944517,0.946506,0.00210562,0.00198879
Accurate,25600,0.944517,0.941467,0.00322957,0.00305039
Accurate,26100,0.944517,0.950198,0.00601481,0.00568109
Accurate,26600,0.944517,0.949618,0.00540089,0.00510124
Accurate,27100,0.944517,0.950779,0.00662922,0.00626141
Accurate,27600,0.944517,0.941478,0.00321744,0.00303893
Accurate,28100,0.944517,0.948795,0.0045295,0.00427819
Accurate,28600,0.944517,0.942121,0.00253734,0.00239656
Accurate,29100,0.944517,0.937972,0.00693003,0.00654554
Accurate,29600,0.944517,0.952434,0.00838199,0.00791694
Accurate,30100,0.944517,0.941188,0.00352506,0.00332948
Accurate,30600,0.944517,0.943875,0.000679909,0.000642186
Accurate,31100,0.944517,0.932998,0.0121963,0.0115196
Accurate,31600,0.944517,0.943676,0.000890987,0.000841553
Accurate,32100,0.944517,0.943801,0.000757831,0.000715784
Accurate,32600,0.944517,0.958707,0.0150234,0.0141899
Accurate,33100,0.944517,0.945571,0.00111571,0.00105381
Accurate,33600,0.944517,0.954402,0.0104652,0.0098846
Accurate,34100,0.944517,0.954304,0.0103612,0.00978633
Accurate,34600,0.944517,0.948238,0.00393985,0.00372125
Accurate,35100,0.944517,0.939923,0.00486398,0.00459411
Accurate,35600,0.944517,0.943275,0.0013156,0.00124261
Accurate,36100,0.944517,0.945411,0.000946697,0.000894171
Accurate,36600,0.944517,0.952193,0.00812631,0.00767544
Accurate,37100,0.944517,0.949075,0.00482605,0.00455829
Accurate,37600,0.944517,0.937855,0.00705348,0.00666213
Accurate,38100,0.944517,0.942289,0.00235868,0.00222782
Accurate,38600,0.944517,0.94173,0.00295099,0.00278726
Accurate,39100,0.944517,0.947918,0.00360008,0.00340033
Accurate,39600,0.944517,0.932523,0.012699,0.0119945
Accurate,40100,0.944517,0.937055,0.00790067,0.00746232
Accurate,40600,0.944517,0.948159,0.0038556,0.00364168
Accurate,41100,0.944517,0.945641,0.00118931,0.00112333
Accurate,41600,0.944517,0.93851,0.00636047,0.00600757
Accurate,42100,0.944517,0.948239,0.00394014,0.00372153
Accurate,42600,0.944517,0.948898,0.00463803,0.0043807
Accurate,43100,0.944517,0.940192,0.00457926,0.00432519
Accurate,43600,0.944517,0.9426,0.00202944,0.00191684
Accurate,44100,0.944517,0.949684,0.00546998,0.00516649
Accurate,44600,0.944517,0.93654,0.008446,0.00797739
Accurate,45100,0.944517,0.953636,0.00965427,0.00911862
Accurate,45600,0.944517,0.944112,0.000429154,0.000405344
Accurate,46100,0.944517,0.938792,0.00606175,0.00572543
Accurate,46600,0.944517,0.940017,0.00476436,0.00450002
Accurate,47100,0.944517,0.941818,0.00285724,0.00269871
Accurate,47600,0.944517,0.951154,0.00702711,0.00663723
Accurate,48100,0.944517,0.936384,0.00861139,0.00813361
Accurate,48600,0.944517,0.944,0.000547566,0.000517186
Accurate,49100,0.944517,0.941687,0.00299658,0.00283032
Accurate,49600,0.944517,0.939461,0.005353,0.005056
Accurate,50100,0.944517,0.940594,0.00415331,0.00392287
Accurate,50600,0.944517,0.948108,0.00380196,0.00359102
Accurate,51100,0.944517,0.9464,0.00199362,0.00188301
Accurate,51600,0.944517,0.948571,0.00429218,0.00405404
Accurate,52100,0.944517,0.941023,0.00369991,0.00349463
Accurate,52600,0.944517,0.93381,0.0113363,0.0107073
Accurate,53100,0.944517,0.939356,0.00546444,0.00516125
Accurate,53600,0.944517,0.94699,0.0026178,0.00247255
Accurate,54100,0.944517,0.936703,0.00827335,0.00781432
Accurate,54600,0.944517,0.938213,0.0066746,0.00630427
Accurate,55100,0.944517,0.944914,0.000420385,0.000397061
Accurate,55600,0.944517,0.941552,0.0031392,0.00296503
Accurate,56100,0.944517,0.949548,0.00532647,0.00503094
Accurate,56600,0.944517,0.946455,0.00205159,0.00193776
Accurate,57100,0.944517,0.943558,0.00101575,0.000959393
Accurate,57600,0.944517,0.945668,0.00121838,0.00115078
Accurate,58100,0.944517,0.946522,0.00212252,0.00200476
Accurate,58600,0.944517,0.944286,0.00024494,0.00023135
Accurate,59100,0.944517,0.936914,0.00805012,0.00760348
Accurate,59600,0.944517,0.945702,0.0012546,0.001185
Accurate,60100,0.944517,0.941507,0.00318693,0.00301011
Accurate,60600,0.944517,0.941324,0.00338049,0.00319293
Accurate,61100,0.944517,0.945221,0.000745104,0.000703763
Accurate,61600,0.944517,0.946162,0.00174093,0.00164434
Accurate,62100,0.944517,0.938283,0.00660081,0.00623458
Accurate,62600,0.944517,0.941916,0.00275384,0.00260105
Accurate,63100,0.944517,0.944305,0.000224994,0.000212511
Accurate,63600,0.944517,0.94067,0.00407338,0.00384737
Accurate,64100,0.944517,0.939935,0.00485149,0.00458232
Accurate,64600,0.944517,0.944258,0.000274277,0.000259059
Accurate,65100,0.944517,0.952745,0.00871155,0.00822821
Accurate,65600,0.944517,0.943878,0.000676278,0.000638756
Accurate,66100,0.944517,0.950249,0.00606837,0.00573168
Accurate,66600,0.944517,0.945699,0.00125158,0.00118214
Accurate,67100,0.944517,0.946589,0.00219396,0.00207223
Accurate,67600,0.944517,0.943662,0.00090544,0.000855204
Accurate,68100,0.944517,0.945654,0.00120379,0.001137
Accurate,68600,0.944517,0.950304,0.00612629,0.00578639
Accurate,69100,0.944517,0.952834,0.00880568,0.00831711
Accurate,69600,0.944517,0.946251,0.00183574,0.00173389
Accurate,70100,0.944517,0.944817,0.000317476,0.000299861
Accurate,70600,0.944517,0.945841,0.00140196,0.00132417
Accurate,71100,0.944517,0.940358,0.00440393,0.00415959
Accurate,71600,0.944517,0.944086,0.000456997,0.000431641
Accurate,72100,0.944517,0.940993,0.00373113,0.00352412
Accurate,72600,0.944517,0.945809,0.00136758,0.0012917
Accurate,73100,0.944517,0.944769,0.000266767,0.000251966
Accurate,73600,0.944517,0.944349,0.000178229,0.000168341
Accurate,74100,0.944517,0.949946,0.00574809,0.00542917
Accurate,74600,0.944517,0.944285,0.000245626,0.000231998
Accurate,75100,0.944517,0.944092,0.000449939,0.000424976
Accurate,75600,0.944517,0.947304,0.00295006,0.00278639
Accurate,76100,0.944517,0.952495,0.00844652,0.00797789
Accurate,76600,0.944517,0.947097,0.00273163,0.00258007
Accurate,77100,0.944517,0.93867,0.00619041,0.00584695
Accurate,77600,0.944517,0.936719,0.00825619,0.00779811
Accurate,78100,0.944517,0.945553,0.0010968,0.00103595
Accurate,78600,0.944517,0.95157,0.00746675,0.00705247
Accurate,79100,0.944517,0.943558,0.0010157,0.000959348
Accurate,79600,0.944517,0.942134,0.0025234,0.00238339
Accurate,80100,0.944517,0.941107,0.00361078,0.00341044
Accurate,80600,0.944517,0.946851,0.0024707,0.00233362
Accurate,81100,0.944517,0.946556,0.00215901,0.00203923
Accurate,81600,0.944517,0.950931,0.00679064,0.00641388
Accurate,82100,0.944517,0.939664,0.00513813,0.00485306
Accurate,82600,0.944517,0.940203,0.00456752,0.0043141
Accurate,83100,0.944517,0.942076,0.00258478,0.00244137
Accurate,83600,0.944517,0.94722,0.002862,0.00270321
Accurate,84100,0.944517,0.943034,0.00157074,0.00148359
Accurate,84600,0.944517,0.939949,0.00483603,0.00456772
Accurate,85100,0.944517,0.944659,0.000150071,0.000141745
Accurate,85600,0.944517,0.945718,0.00127091,0.0012004
Accurate,86100,0.944517,0.945659,0.0012084,0.00114135
Accurate,86600,0.944517,0.951914,0.00783098,0.0073965
Accurate,87100,0.944517,0.950425,0.00625464,0.00590761
Accurate,87600,0.944517,0.946271,0.00185726,0.00175422
Accurate,88100,0.944517,0.943981,0.000567696,0.000536198
Accurate,88600,0.944517,0.938928,0.00591746,0.00558914
Accurate,89100,0.944517,0.941864,0.00280942,0.00265355
Accurate,89600,0.944517,0.949061,0.00481025,0.00454336
Accurate,90100,0.944517,0.942041,0.00262187,0.0024764
Accurate,90600,0.944517,0.942832,0.00178423,0.00168523
Accurate,91100,0.944517,0.944592,7.97179e-05,7.52949e-05
Accurate,91600,0.944517,0.947196,0.00283613,0.00267877
Accurate,92100,0.944517,0.942911,0.00170028,0.00160595
Accurate,92600,0.944517,0.940553,0.00419657,0.00396373
Accurate,93100,0.944517,0.944529,1.22249e-05,1.15466e-05
Accurate,93600,0.944517,0.946882,0.00250395,0.00236503
Accurate,94100,0.944517,0.941528,0.00316461,0.00298902
Accurate,94600,0.944517,0.948411,0.0041222,0.00389349
Accurate,95100,0.944517,0.947811,0.00348701,0.00329354
Accurate,95600,0.944517,0.939952,0.00483375,0.00456556
Accurate,96100,0.944517,0.93976,0.00503648,0.00475704
Accurate,96600,0.944517,0.941122,0.00359474,0.00339529
Accurate,97100,0.944517,0.942616,0.00201329,0.00190158
Accurate,97600,0.944517,0.946169,0.00174863,0.00165162
Accurate,98100,0.944517,0.944979,0.000489321,0.000462172
Accurate,98600,0.944517,0.943576,0.000996404,0.000941121
Accurate,99100,0.944517,0.946478,0.00207605,0.00196087
Accurate,99600,0.944517,0.948782,0.00451494,0.00426444
